metric,size,PANSS,estimate,conf.low,conf.high,p.value,t_value,df,p.value_fdr
mean_perp,10,panss_p1,0.09431332119470646,0.024456559063809023,0.16325351609263694,0.008230823197872982,2.6492111980578574,782,0.01858572980164867
mean_perp,10,panss_p2,0.16286181440927824,0.09395894541157894,0.23021193991587827,4.5090831622566445e-6,4.618888929373506,783,3.156358213579651e-5
mean_perp,10,panss_p3,0.1538343637515168,0.08472873032921174,0.22146715813926546,1.5165791620779624e-5,4.353688067798098,782,9.650958304132488e-5
mean_perp,10,panss_p4,0.06730312369482273,-0.002683140554875896,0.13663328507446207,0.0594539400637451,1.8875651524760864,783,0.077758704052823
mean_perp,10,panss_p5,0.0677021147363363,-0.0022823256178703725,0.13702659820476465,0.05795728481976994,1.8988065208510057,783,0.077758704052823
mean_perp,10,panss_p6,0.1490957265407357,0.0799562636131574,0.21680745263575446,2.7389770856813248e-5,4.219175781145717,783,1.3694885428406625e-4
mean_perp,10,panss_p7,0.057793004434162125,-0.012230081998870154,0.1272520271424071,0.1056608664881409,1.6198792633568901,783,0.12327101090283105
mean_perp,10,panss_n1,0.09434547415049731,0.02453381073909229,0.1632414321338212,0.008167953638407305,2.651816377778184,783,0.01858572980164867
mean_perp,10,panss_n2,0.10083705106571063,0.03108274069218585,0.1696138947158587,0.0046847656281956375,2.836091882654813,783,0.011711914070489094
mean_perp,10,panss_n3,0.168554593120594,0.09975754298329532,0.23574772387475942,2.0439432764238556e-6,4.784979703307389,783,1.5897336594407766e-5
mean_perp,10,panss_n4,0.03735790453600578,-0.0327012067963616,0.1070516922701797,0.29584496390719767,1.04608422796433,783,0.32358042927349745
mean_perp,10,panss_n5,0.04104146738195325,-0.029015488038032358,0.11069719307734137,0.2507435255886609,1.1493964003014674,783,0.27860391732073436
mean_perp,10,panss_n6,0.1127304601438329,0.04309678630934904,0.1812741687738758,0.0015587288722569025,3.174675834830587,783,0.004364440842319327
mean_perp,10,panss_n7,0.02570777636772726,-0.04434562363409112,0.09550959551717024,0.4719882817679417,0.7195963506140222,783,0.47882869164863656
mean_perp,20,panss_p1,0.10071997223102264,0.031053943652622405,0.1694121285365948,0.004680271925037787,2.8363807437819215,785,0.011711914070489094
mean_perp,20,panss_p2,0.2005884171940783,0.13260588306180474,0.2666925128346043,1.3495533075202363e-8,5.740303192138188,786,2.3617182881604135e-7
mean_perp,20,panss_p3,0.173908688831397,0.10530389368366153,0.24086592527658532,9.180084947514303e-7,4.947945683245095,785,8.032574329075014e-6
mean_perp,20,panss_p4,0.08621438528196154,0.016473346494594202,0.15512059675669565,0.015485545041895926,2.4261132825201255,786,0.03188200449802102
mean_perp,20,panss_p5,0.06535318275986761,-0.004507619919788476,0.1345791542872322,0.06671346741096744,1.836146995905031,786,0.08475358170268828
mean_perp,20,panss_p6,0.14334514570353232,0.07424823528978934,0.21107227538553425,5.382272887711649e-5,4.060716285534882,786,2.3547443883738462e-4
mean_perp,20,panss_p7,0.0676598615197514,-0.0021907190955644603,0.13685340578073826,0.05763503459085722,1.90124781917662,786,0.077758704052823
mean_perp,20,panss_n1,0.07570350205040673,0.005894438193982905,0.14477826629016038,0.033605409752028935,2.1285080570509463,786,0.057375089820537205
mean_perp,20,panss_n2,0.08171444938708616,0.011942375361070148,0.1506946701954555,0.021788781679778338,2.2986081428042477,786,0.042367075488457875
mean_perp,20,panss_n3,0.1413447218946288,0.07221739067630228,0.20912060648868,6.849851908444163e-5,4.002884226304136,786,2.8205272564181847e-4
mean_perp,20,panss_n4,0.02601450367010721,-0.04390549505332536,0.09568089362316815,0.46586338366559843,0.7295815159361894,786,0.47882869164863656
mean_perp,20,panss_n5,0.0416227576002795,-0.028299736753434248,0.11113990886517844,0.2431871611630597,1.167934928331665,786,0.2745661497002287
mean_perp,20,panss_n6,0.08029467618561678,0.010513404605965103,0.14929767354413243,0.024193575662710447,2.25840879213966,786,0.044567113062887666
mean_perp,20,panss_n7,0.06502528291755469,-0.004836911975462799,0.13425580484120367,0.06809462654590287,1.826895184396263,786,0.08475358170268828
mean_perp,30,panss_p1,0.10706043807952667,0.03745606945190222,0.1756309988810698,0.0026358333609893454,3.0169432883151175,785,0.007096474433432853
mean_perp,30,panss_p2,0.21292713089407367,0.14524685067412615,0.2786239759553516,1.5698397395716118e-9,6.109665714736076,786,3.66295939233376e-8
mean_perp,30,panss_p3,0.17719820730682526,0.10865916994638826,0.24406051194234582,5.651147519791358e-7,5.0445419922855,785,5.651147519791358e-6
mean_perp,30,panss_p4,0.09173857740491652,0.022039557165556226,0.16055015426217048,0.009978554675910524,2.582845995151312,786,0.02182808835355427
mean_perp,30,panss_p5,0.06714536740166277,-0.0027075581858276155,0.13634620761151076,0.059565695437599375,1.8867247629706312,786,0.077758704052823
mean_perp,30,panss_p6,0.1451555685147945,0.07608668370842056,0.2128381086612542,4.3151718830585436e-5,4.113099218621289,786,2.0137468787606537e-4
mean_perp,30,panss_p7,0.07066308987644487,8.269423065317989e-4,0.139813322100727,0.047374378988746364,1.9860532484148796,786,0.07055758572792012
mean_perp,30,panss_n1,0.0692662829551093,-5.767356805516028e-4,0.1384368133938153,0.05193822555591055,1.94660348206341,786,0.07574324560236954
mean_perp,30,panss_n2,0.07851678451006336,0.008724397243423325,0.14754791494508498,0.027526059014438456,2.2080891819832424,786,0.0481706032752673
mean_perp,30,panss_n3,0.13178137598701503,0.06251652705067626,0.19978287467954678,2.0758969677681785e-4,3.7270866576786235,786,7.648041460198552e-4
mean_perp,30,panss_n4,0.024789210292632032,-0.045129149722065616,0.09446589162977279,0.48713776611623083,0.6951962868321516,786,0.48713776611623083
mean_perp,30,panss_n5,0.03332992676969226,-0.036595487732709694,0.1029305567725008,0.35010275684651615,0.9349469990337763,786,0.377033738142402
mean_perp,30,panss_n6,0.06703538385886572,-0.0028180381726286043,0.13623777901889164,0.05998528598360631,1.8836203619740983,786,0.077758704052823
mean_perp,30,panss_n7,0.07351896428191755,0.0036977219008653382,0.1426268636930504,0.03908486775627366,2.066747998455578,786,0.06079868317642569
mean_perp,40,panss_p1,0.11382461619945415,0.04429233317137675,0.18225942770201178,0.001381415483300244,3.209983322646546,785,0.004029128492959045
mean_perp,40,panss_p2,0.22437724539141543,0.15699725130780556,0.28967805719515066,1.8907298658827488e-10,6.455162646206932,786,6.617554530589621e-9
mean_perp,40,panss_p3,0.1790516865494933,0.11055038851324009,0.24585986290447562,4.2823345795054907e-7,5.099045826309307,785,4.996057009423072e-6
mean_perp,40,panss_p4,0.09525752236693089,0.025587522585231108,0.16400664641313864,0.007454040581008273,2.6828101553995625,786,0.01799251174726135
mean_perp,40,panss_p5,0.07360599980530785,0.0037852297492403353,0.14271259154976645,0.03885288993901377,2.069208041060365,786,0.06079868317642569
mean_perp,40,panss_p6,0.14910679100789173,0.08010070325186518,0.2166904803076836,2.6398705027833197e-5,4.227571605363719,786,1.3694885428406625e-4
mean_perp,40,panss_p7,0.0722586502064902,0.0024306881871685587,0.1413853690013075,0.042577775927457415,2.031130752087632,786,0.06479226771569607
mean_perp,40,panss_n1,0.06743784358582265,-0.002413753524829713,0.1366345406931352,0.05846170164147106,1.89498054688234,786,0.077758704052823
mean_perp,40,panss_n2,0.07895089086387347,0.0091611764823967,0.14797519194509828,0.026677868993337312,2.220373704854936,786,0.047883354603425944
mean_perp,40,panss_n3,0.13039745537122077,0.06111378928811768,0.19843057908420048,2.4226408545423067e-4,3.6872654407240724,786,8.479242990898073e-4
mean_perp,40,panss_n4,0.02676784611996359,-0.04315305596583919,0.0964278056244634,0.45304341065157205,0.7507240786463223,786,0.47332893650164243
mean_perp,40,panss_n5,0.02707873410926519,-0.042842517651361836,0.09673601704136545,0.4478114009409331,0.7594495239393898,786,0.47332893650164243
mean_perp,40,panss_n6,0.06270430710688232,-0.007167309204191078,0.13196661656198863,0.0785552816987314,1.7614248342591927,786,0.09320118167646098
mean_perp,40,panss_n7,0.07469167313069934,0.004876884684644987,0.14378186602953383,0.036055978307066264,2.0998984056757894,786,0.058695778639410195
mean_perp,50,panss_p1,0.12939354879139225,0.06005196542702958,0.19749231164331185,2.7318360179882754e-4,3.656064599106482,785,9.106120059960918e-4
mean_perp,50,panss_p2,0.25713954260144256,0.19072447462269596,0.32121123993748224,2.294639418173001e-13,7.459930404103398,786,1.6062475927211006e-11
mean_perp,50,panss_p3,0.18039326790535173,0.11191959582310822,0.24716197805766854,3.497127103468616e-7,5.1385316282200275,785,4.895977944856062e-6
mean_perp,50,panss_p4,0.13874615517852043,0.06958016271803161,0.20658456630954955,9.324774454964786e-5,3.927834509603136,786,3.62630117693075e-4
mean_perp,50,panss_p5,0.07529370557103769,0.005482305803765455,0.14437473538450007,0.03458021826080349,2.116920193518404,786,0.05763369710133916
mean_perp,50,panss_p6,0.15087321728877875,0.08189592768119716,0.2184120339555499,2.1106061557337492e-5,4.278814049492842,786,1.2311869241780202e-4
mean_perp,50,panss_p7,0.11569511730583179,0.046228422341738754,0.18404820452578682,0.0011399578608825285,3.2655213390017943,786,0.003469436967903348
mean_perp,50,panss_n1,0.06481011521636335,-0.0050529850135308365,0.13404361509626261,0.06901363081504616,1.8208244737577912,786,0.08475358170268828
mean_perp,50,panss_n2,0.086934810125974,0.017199006065236687,0.15582891616975572,0.014641568530482508,2.4465401153313087,786,0.031057872640417438
mean_perp,50,panss_n3,0.12381801799836667,0.05444863275491961,0.19199794846591534,4.946568075678826e-4,3.4982429408624145,786,0.0015739080240796263
mean_perp,50,panss_n4,0.043493773377353155,-0.026426729489257964,0.11299077951662981,0.22262891875402505,1.220533006929889,786,0.2554758084062582
mean_perp,50,panss_n5,0.06341244159421608,-0.006456380668036428,0.1326651309339748,0.07523369435806626,1.7813968811188046,786,0.09079928629421789
mean_perp,50,panss_n6,0.08038067021611742,0.01059994761383773,0.14938229586313706,0.024041644973644704,2.2608432244426493,786,0.044567113062887666
mean_perp,50,panss_n7,0.0854923443091727,0.01574613276070986,0.15441061727775973,0.01637399523892427,2.405644473426501,786,0.03274799047784854
max_perp,10,panss_p1,0.06073122284008957,-0.009552262993703728,0.13041760738436733,0.0902871462859428,1.69599636068801,777,0.21793449103503432
max_perp,10,panss_p2,0.038163554660552164,-0.0321201645326582,0.10807170088409593,0.2870893330804067,1.0652587592855456,778,0.4483179408647857
max_perp,10,panss_p3,0.08455219353752895,0.014394951132367136,0.15388100352469403,0.018258274323525097,2.365338853549352,777,0.09129137161762549
max_perp,10,panss_p4,0.06302358465139248,-0.0072059648309891235,0.13263446486282565,0.07856408147141801,1.7613964636891082,778,0.21151868088458697
max_perp,10,panss_p5,0.006158144144440382,-0.06406722081598608,0.0763228202635927,0.8636628430281926,0.17177022468719233,778,0.8890646913525512
max_perp,10,panss_p6,0.09577595282552531,0.025751416492354795,0.16486519264631602,0.0074341725464600605,2.683782833883765,778,0.05782134202802269
max_perp,10,panss_p7,0.022715665368113837,-0.047557839243363896,0.09276541237900096,0.52642134173879,0.633763667152886,778,0.6040900642904147
max_perp,10,panss_n1,0.024710031411489843,-0.045566677447665654,0.09474336035661332,0.49075274304105587,0.6894388041637733,778,0.5922877933254123
max_perp,10,panss_n2,0.013731148686152595,-0.056521001113925565,0.08384799756114139,0.7017989960846507,0.38303425429464866,778,0.7443322685746295
max_perp,10,panss_n3,0.11826885523240924,0.048473623341596286,0.18691472171142495,9.349834626887792e-4,3.322148076675669,778,0.016362210597053638
max_perp,10,panss_n4,-0.022793429819367238,-0.0928425470157584,0.04748021019478071,0.5250061953073348,-0.6359344095795719,778,0.6040900642904147
max_perp,10,panss_n5,0.07149779351091312,0.0013066822106075813,0.14098784804588768,0.04591460882977125,1.9993799248240527,778,0.17855681211577706
max_perp,10,panss_n6,0.04240082795445004,-0.02787982416027275,0.11226434944211679,0.23687910426081246,1.1837360685134768,778,0.4247254306925272
max_perp,10,panss_n7,0.0383998492393524,-0.03188376550912417,0.10830557242264047,0.28411342832781994,1.0718641565185976,778,0.4483179408647857
max_perp,20,panss_p1,0.02981029991816741,-0.04033693475411887,0.09966512647356862,0.404839999101941,0.8334602979185312,781,0.5156366070310147
max_perp,20,panss_p2,0.04147289252215634,-0.028628505460740125,0.11116834004130917,0.24609472752536626,1.1607575516389226,782,0.4247254306925272
max_perp,20,panss_p3,0.04495020148697175,-0.025192124217692985,0.11465210940020382,0.2089607110969346,1.257466297731306,781,0.40631249379959505
max_perp,20,panss_p4,0.06377895169091845,-0.006267300953715479,0.1332023757816146,0.07429722868920643,1.7871699615738428,782,0.20803224032977802
max_perp,20,panss_p5,0.002478900970357629,-0.06755108857211649,0.0724845847528299,0.9447519503287003,0.06932085144543121,782,0.9447519503287003
max_perp,20,panss_p6,0.07467637083938508,0.004682589931904277,0.1439420046651813,0.03657095985932668,2.0941168147344693,782,0.15058630530310985
max_perp,20,panss_p7,0.04762893438585061,-0.022464246336441163,0.11725616216884048,0.18278184822327628,1.3334213453509607,782,0.37631556987145115
max_perp,20,panss_n1,0.03056689692372915,-0.03953598442626371,0.10037034499967336,0.3927132416506922,0.8551803477721857,782,0.5156366070310147
max_perp,20,panss_n2,0.015065177330154283,-0.05501111527317499,0.08499378750124922,0.6736266993734952,0.42133439526875033,782,0.7254441377868409
max_perp,20,panss_n3,0.14862949218575405,0.07943792026565955,0.21639577397048237,2.938077421478142e-5,4.202997078171448,782,0.0020566541950346995
max_perp,20,panss_n4,-0.01617519302444641,-0.0860959490987149,0.053904121382445755,0.6511160107223156,-0.4523865346966115,782,0.7121581367275327
max_perp,20,panss_n5,0.03747751903413127,-0.03262636096560287,0.10721444126714287,0.29460893256828774,1.048767985331679,782,0.4483179408647857
max_perp,20,panss_n6,0.051985858446465076,-0.018098283385801824,0.12156164378564538,0.14587286013062195,1.4557145997208225,782,0.30942727906495565
max_perp,20,panss_n7,0.030657812889341798,-0.039445125098701114,0.10046042865574209,0.39130639624341823,0.8577263237144308,782,0.5156366070310147
max_perp,30,panss_p1,0.041318575489771685,-0.028917935381587243,0.11114908680487615,0.24876775226276596,1.154210723793806,779,0.4247254306925272
max_perp,30,panss_p2,0.09278420483876787,0.022824883329461042,0.16183925233349541,0.009429040977541093,2.6025485835868656,780,0.06600328684278765
max_perp,30,panss_p3,0.06471672083320981,-0.005460760381261948,0.13425986315209615,0.07066936007367951,1.810075166866633,779,0.20611896688156522
max_perp,30,panss_p4,0.054680704302503685,-0.01548645871416406,0.12431194404589037,0.1265615283783487,1.5294371658138723,780,0.2796611101942177
max_perp,30,panss_p5,0.02981017767557984,-0.040382012737580665,0.09970958703644422,0.4051430483815115,0.8329231230635767,780,0.5156366070310147
max_perp,30,panss_p6,0.06898081120846022,-0.0011324604770969577,0.13841919815440198,0.05382912952626919,1.9311291873779464,780,0.18457739851575963
max_perp,30,panss_p7,0.03212800384541857,-0.03806553085295344,0.10200603804927492,0.3695959884142045,0.8977497678042631,780,0.5156366070310147
max_perp,30,panss_n1,0.03433381503763459,-0.03586029814272907,0.10419081565432897,0.33762590727854325,0.9594569454943083,780,0.48232272468363324
max_perp,30,panss_n2,0.020254335073965325,-0.04992435184707812,0.09023399899093656,0.5717000430187619,0.5657888597748401,780,0.6454677905050538
max_perp,30,panss_n3,0.08585910891061987,0.01584670142935459,0.15503369520280028,0.016324350365194702,2.406802038749736,780,0.09063495758638808
max_perp,30,panss_n4,-0.028636181020155974,-0.09854613288313963,0.04155504069207463,0.4239004462915602,-0.8000931292148179,780,0.5298755578644503
max_perp,30,panss_n5,0.010068193041379528,-0.06008201137775799,0.08011943503386211,0.7786288359686075,0.28120358182907057,780,0.8134928136985451
max_perp,30,panss_n6,0.016337556035278773,-0.053831897485218584,0.08634645067346404,0.6482696545601206,0.45634401517444717,780,0.7121581367275327
max_perp,30,panss_n7,0.05449673451449716,-0.015670933575341855,0.12413027170374409,0.1278450789459281,1.5242761170928716,780,0.2796611101942177
max_perp,40,panss_p1,0.06834972680262803,-0.0018116489825269887,0.13784147741932473,0.05622327196259243,1.9121516491061525,779,0.18457739851575963
max_perp,40,panss_p2,0.111592992390046,0.04181231767086971,0.18029027942546033,0.001775690747916987,3.136211455988183,780,0.020716392059031512
max_perp,40,panss_p3,0.08054738020142614,0.010453761306801432,0.14985330589389642,0.024381703980979816,2.255451869080206,779,0.11378128524457248
max_perp,40,panss_p4,0.06218090032167829,-0.0079616022166968,0.13171450361940878,0.08225605081657937,1.73998508943064,780,0.21325642804298356
max_perp,40,panss_p5,0.055173742207528964,-0.014992043659454522,0.12479880179005308,0.12317098694960349,1.5432695166147916,780,0.2796611101942177
max_perp,40,panss_p6,0.09021184371773308,0.02023200712626844,0.15931206107471396,0.01160873852128914,2.5297946681718337,780,0.0738737905900218
max_perp,40,panss_p7,0.06768569296257548,-0.002433650427725319,0.13714270541310483,0.058501271840559525,1.894703663666489,780,0.18457739851575963
max_perp,40,panss_n1,0.03855166336582621,-0.0316416518101278,0.10836656822917477,0.2815943749360904,1.0774903600333627,780,0.4483179408647857
max_perp,40,panss_n2,0.023277071924579073,-0.046907271249617986,0.09323272006022904,0.5157096779514798,0.6502694287771836,780,0.6040900642904147
max_perp,40,panss_n3,0.08545911773906492,0.015443852266232396,0.1546404078855859,0.01683220640890064,2.3955068034640745,780,0.09063495758638808
max_perp,40,panss_n4,-0.004551558169406059,-0.07463553699327041,0.06557716248579093,0.8988786451415769,-0.12711941845461663,780,0.9119058718827592
max_perp,40,panss_n5,0.04192366783924718,-0.028267209463725126,0.11170314764042093,0.2415971845778614,1.1718946328046074,780,0.4247254306925272
max_perp,40,panss_n6,0.035531960213182674,-0.0346621806162182,0.10537725337628148,0.32102730996728185,0.9929806703317028,780,0.46816482703561935
max_perp,40,panss_n7,0.03170280434753649,-0.038490540256730064,0.10158481554581796,0.37596791859596657,0.8858564247382763,780,0.5156366070310147
max_perp,50,panss_p1,0.10322960503205804,0.03331820084619931,0.1721357157650675,0.003877103351887302,2.896672587929931,779,0.038771033518873024
max_perp,50,panss_p2,0.11572634983762703,0.04599170018037796,0.18433854736189445,0.0011872584016751325,3.2539237332829587,780,0.016621617623451854
max_perp,50,panss_p3,0.12235681479243174,0.05265610781859511,0.19087113105728798,6.106563579557216e-4,3.440902963291386,779,0.014248648352300169
max_perp,50,panss_p4,0.0687891846321652,-0.0013250003935114786,0.13823034196197753,0.0545001723420199,1.9257390282678566,780,0.18457739851575963
max_perp,50,panss_p5,0.06077136798560086,-0.009376375501099052,0.1303239118866342,0.08945532384849712,1.7003947593411326,780,0.21793449103503432
max_perp,50,panss_p6,0.12439934049541881,0.05476920766008159,0.19282543479573855,4.889767899149211e-4,3.501483209869315,780,0.014248648352300169
max_perp,50,panss_p7,0.07614454169044561,0.006069145766743848,0.14547573977999892,0.033253318436465985,2.132793262952897,780,0.1454832681595387
max_perp,50,panss_n1,0.03779065868331381,-0.032402985428158504,0.10761334077454851,0.2912083799987984,1.0561901184434521,780,0.4483179408647857
max_perp,50,panss_n2,0.06711951749209817,-0.003002405633831217,0.13658459981354706,0.060646859512321016,1.8787828710853332,780,0.18457739851575963
max_perp,50,panss_n3,0.09924290687224115,0.029339245579559522,0.1681805518182395,0.005474930743470315,2.785454678275298,780,0.047905644005365254
max_perp,50,panss_n4,0.04278539522762139,-0.027404602337624616,0.1125555696999372,0.23204975409388096,1.1960262770036005,780,0.4247254306925272
max_perp,50,panss_n5,0.036040879035459855,-0.03415321247850924,0.10588113923308522,0.31414076685740927,1.0072213475949297,780,0.4678692272344393
max_perp,50,panss_n6,0.045215318072056476,-0.024971635672665582,0.1149587001733547,0.2065760865272171,1.2640879380214374,780,0.40631249379959505
max_perp,50,panss_n7,0.025948103963433312,-0.04424017118082182,0.09588147480417906,0.4687091970003391,0.7249351968659541,780,0.5756077857898901
sd_perp,10,panss_p1,0.0795371881069323,0.009391956947049793,0.14890348105237872,0.026329954352409157,2.225553836570426,778,0.09609939885819022
sd_perp,10,panss_p2,0.07819718351095874,0.008088867880488999,0.14754050334991867,0.028876048793001402,2.189231699438187,779,0.09625349597667135
sd_perp,10,panss_p3,0.10144936352460943,0.03147584955693483,0.1704332908384877,0.004566776197162979,2.8443666567633668,778,0.029061303072855323
sd_perp,10,panss_p4,0.07344523881737816,0.0033096020698004753,0.14286184921781814,0.04016842456120963,2.0554498406563853,779,0.12225172692542062
sd_perp,10,panss_p5,0.03852769511667676,-0.0317107023271127,0.10838743232173569,0.28220273903349535,1.0761289788285924,779,0.37988830254508993
sd_perp,10,panss_p6,0.1419288077260162,0.0724979581628482,0.20999068517014485,6.88548847345667e-5,4.001825136878416,779,0.0024099209657098344
sd_perp,10,panss_p7,0.054611890057654794,-0.01560056746151092,0.12428840899494668,0.12728452344110835,1.5265271626167447,779,0.23447149054941013
sd_perp,10,panss_n1,0.04582939447386804,-0.02440174757145324,0.1156103897604318,0.20076101275157335,1.2804700038514387,779,0.3169204679247218
sd_perp,10,panss_n2,0.06253394517691982,-0.007652314024699632,0.1321070904351898,0.08072277543168357,1.7487807944084073,779,0.18227723484573713
sd_perp,10,panss_n3,0.14529344460226426,0.07591453153135315,0.21327230751993914,4.590233918150427e-5,4.098716159689306,779,0.0024099209657098344
sd_perp,10,panss_n4,0.021229453130497292,-0.04899620615574163,0.09124624887620769,0.5535808872142349,0.5926597368154193,779,0.5961640323845606
sd_perp,10,panss_n5,0.04711754828646316,-0.023111534182012106,0.11688388671071283,0.18838009457770863,1.316539912135008,779,0.3066652702427815
sd_perp,10,panss_n6,0.06736527686655927,-0.002800647667537121,0.13687113277362672,0.05987159756059893,1.8844842076003112,779,0.1552226603422935
sd_perp,10,panss_n7,0.03414545889748341,-0.03609368885021414,0.10404890965871062,0.340594441464239,0.9535753258234364,779,0.4182738754823988
sd_perp,20,panss_p1,0.04119013481508519,-0.028732750138879465,0.1107118754497928,0.24812448582432656,1.1557747897720974,786,0.3405630197588796
sd_perp,20,panss_p2,0.07850191060804335,0.008753943073328994,0.14748972896064833,0.02745697110234006,2.2090722192750043,787,0.09609939885819022
sd_perp,20,panss_p3,0.06508618529049275,-0.004775752165905044,0.1343158631625639,0.06783633749860637,1.8286135216339021,786,0.16959084374651595
sd_perp,20,panss_p4,0.043656646853321504,-0.02621917583881137,0.11310793199980573,0.2206062413130783,1.2258913998700847,787,0.3169204679247218
sd_perp,20,panss_p5,0.021905474465196063,-0.047963789382041606,0.09156141641247686,0.5389482509752964,0.6146731652102134,787,0.5894746495042305
sd_perp,20,panss_p6,0.10313946694182141,0.033585306611136574,0.17169938337458865,0.0037287222262919442,2.90893877643694,787,0.02610105558404361
sd_perp,20,panss_p7,0.03763239336457305,-0.03224824086259941,0.1071468940108698,0.29107797487408205,1.0564694598729862,787,0.3844426083242593
sd_perp,20,panss_n1,0.043931704958639024,-0.02594377664361366,0.11337998448412022,0.21770910385931883,1.2336300005406704,787,0.3169204679247218
sd_perp,20,panss_n2,0.036281424380328414,-0.033599591109813635,0.105809415028816,0.30875707877972985,1.0184922372505563,787,0.3929635548105653
sd_perp,20,panss_n3,0.1364949109367018,0.0673405184905606,0.20434409911790757,1.2008126253680258e-4,3.8653393437787744,787,0.0028018961258587266
sd_perp,20,panss_n4,-0.009668709832002092,-0.07941105173367945,0.06016782500540653,0.7862667947555628,-0.2712540265814469,787,0.7976619656940493
sd_perp,20,panss_n5,0.028548002289100732,-0.04133028110460288,0.09814836967181272,0.4232585515905348,0.8011985114273017,787,0.4857065346120891
sd_perp,20,panss_n6,0.04878971288984106,-0.02107799589038085,0.11818319227986289,0.17096680047346946,1.3703551931906321,787,0.29919190082857156
sd_perp,20,panss_n7,0.02936807859153272,-0.04051089090093708,0.09896116211938347,0.4100566139601082,0.8242335090974295,787,0.4783993829534596
sd_perp,30,panss_p1,0.05207452277861324,-0.018054335407546855,0.12169351141899351,0.14544340005946801,1.4572714810128118,781,0.2610522565169939
sd_perp,30,panss_p2,0.09048661389809652,0.020598857591558897,0.15949436774117462,0.011251660508815228,2.540814716572691,782,0.05250774904113773
sd_perp,30,panss_p3,0.06764960395854132,-0.002424876313105063,0.1370629491357532,0.0584744326638573,1.8949023043464244,781,0.1552226603422935
sd_perp,30,panss_p4,0.04813845369743291,-0.021953807982919342,0.11775980074011076,0.17813913951675822,1.3477188225245784,782,0.2994267106964094
sd_perp,30,panss_p5,0.0257615103817632,-0.04433672796726258,0.09560732097815182,0.47134589365098556,0.7206408175075385,782,0.5237176596122062
sd_perp,30,panss_p6,0.09688672050732892,0.02705197194628134,0.16578035788730922,0.006629796725347764,2.7221724157282505,782,0.03569890544418027
sd_perp,30,panss_p7,0.04455492720597791,-0.02554302311996842,0.11421687435301021,0.21270334093272278,1.2471842318282764,782,0.3169204679247218
sd_perp,30,panss_n1,0.04364512889515616,-0.026453978114942253,0.11331710160860903,0.22220135300817534,1.2216679897519513,782,0.3169204679247218
sd_perp,30,panss_n2,0.04405434658224609,-0.026044254569180678,0.11372182404295371,0.21789238968828048,1.2331445457403172,782,0.3169204679247218
sd_perp,30,panss_n3,0.09899290073485331,0.02917686988621615,0.16784776049487796,0.005533842864054035,2.7819279438557083,782,0.0322807500403152
sd_perp,30,panss_n4,-0.0019388754193753338,-0.07194737289384928,0.06808863288008053,0.9567742733229475,-0.054219323885459636,782,0.9567742733229475
sd_perp,30,panss_n5,0.012426150681360992,-0.05764226621705266,0.08237274646661655,0.7282979807108023,0.3475149753847706,782,0.7497185095552376
sd_perp,30,panss_n6,0.043254436164877716,-0.026845131828419334,0.11293067905825502,0.2263717628033727,1.2107115432200037,782,0.3169204679247218
sd_perp,30,panss_n7,0.0327457595751691,-0.03735816007337589,0.10252894589014783,0.35984320671949643,0.9162023765679674,782,0.43429352535111637
sd_perp,40,panss_p1,0.08419230931259634,0.013987190759322964,0.15357141035440716,0.01883694650667193,2.353683041883968,776,0.0824116409666897
sd_perp,40,panss_p2,0.12814202807105685,0.05842517926492808,0.19661502363154837,3.363481415245265e-4,3.6016154585139994,777,0.005886092476679214
sd_perp,40,panss_p3,0.08020352520015746,0.009971849321777157,0.14964780072541667,0.025280016535644816,2.2414324364346903,776,0.09609939885819022
sd_perp,40,panss_p4,0.06394717669996307,-0.006323966021162644,0.13358985108328075,0.07446232536677125,1.7861653999257632,777,0.1775399200342672
sd_perp,40,panss_p5,0.05973818380292999,-0.010548817439782985,0.12943777700650974,0.09568600731040719,1.6681643388094722,777,0.19977979021180442
sd_perp,40,panss_p6,0.12038080674000558,0.05056564707263947,0.18902516967373106,7.605894676861979e-4,3.3801625065217036,777,0.006655157842254232
sd_perp,40,panss_p7,0.055895465413911084,-0.014403824181732342,0.12564488868724222,0.11904657071193185,1.5605100928390887,777,0.2314794430509786
sd_perp,40,panss_n1,0.0635924285184649,-0.006680147648943694,0.13323999453461216,0.07608853715754307,1.7762162668395338,777,0.1775399200342672
sd_perp,40,panss_n2,0.05949691906950777,-0.010790915182674362,0.12919970084160257,0.09703589810287644,1.6614031374587455,777,0.19977979021180442
sd_perp,40,panss_n3,0.12425407023264143,0.05448689230782375,0.19281393718994935,5.091198007674256e-4,3.4905979985874063,777,0.006127739316661605
sd_perp,40,panss_n4,0.01627941319062391,-0.05402510165655907,0.08642332378406563,0.6500676859070299,0.453844222772623,777,0.6791751942312252
sd_perp,40,panss_n5,0.03077246624242985,-0.03955577180358812,0.10079732514088577,0.39105755783129825,0.8581802927623196,777,0.4639665940371335
sd_perp,40,panss_n6,0.048124928914356366,-0.02219282889150274,0.11796888033541128,0.17965602641784564,1.3430250359060647,777,0.2994267106964094
sd_perp,40,panss_n7,0.03434811316465865,-0.03598143601708127,0.10433911019771484,0.33835604637401806,0.9580093207713615,777,0.4182738754823988
sd_perp,50,panss_p1,0.09333519789467781,0.023199503843018787,0.1625566624165497,0.009190955497375766,2.6114172607194432,776,0.04595477748687883
sd_perp,50,panss_p2,0.11192080019547464,0.04200831718561033,0.18074260648610047,0.0017564613441108721,3.139485919206595,777,0.013661366009751227
sd_perp,50,panss_p3,0.08125093367441516,0.01102601220350746,0.15067830693244008,0.02342640122531328,2.2708974245815243,776,0.09609939885819022
sd_perp,50,panss_p4,0.07218793800901879,0.0019551151948091405,0.14171209812075702,0.04398858780243489,2.017482054732129,777,0.12830004775710177
sd_perp,50,panss_p5,0.06092880338012631,-0.009353966354560093,0.1306125436216262,0.08924270877211685,1.7015345739359522,777,0.1952184254390056
sd_perp,50,panss_p6,0.12395731339578656,0.054186383127267666,0.19252372645613514,5.252347985709948e-4,3.482131127033553,777,0.006127739316661605
sd_perp,50,panss_p7,0.05853861535206408,-0.011752446253461295,0.12825398276675568,0.10254835888851455,1.634550513590713,777,0.2050967177770291
sd_perp,50,panss_n1,0.06913552150514707,-0.0011126182418958563,0.13870467099316902,0.053753012682215884,1.9317554404582244,777,0.15050843551020446
sd_perp,50,panss_n2,0.0749141331963153,0.004696108359902736,0.14439702752669623,0.036574987736362495,2.0940948979164515,777,0.11637496097933521
sd_perp,50,panss_n3,0.12180530954231429,0.052007546323887904,0.1904188343245219,6.570767555957271e-4,3.420759801788927,777,0.006570767555957271
sd_perp,50,panss_n4,0.03663726617941404,-0.03369217727512584,0.10660565291023809,0.30712754410610027,1.0219396260196858,777,0.3929635548105653
sd_perp,50,panss_n5,0.025902860346097477,-0.04442069914831267,0.09597097889567258,0.47034131134239276,0.7222773219356886,777,0.5237176596122062
sd_perp,50,panss_n6,0.05504907661125389,-0.015252638833261757,0.12480920124251162,0.12474744709873224,1.5368079207166565,777,0.23447149054941013
sd_perp,50,panss_n7,0.018123076733643027,-0.052186093494759105,0.08825346536655021,0.613520452646992,0.505258666472761,777,0.6507035103831732
